id,title,firstName,lastName,picture,gender,email,dateOfBirth,phone,location,registerDate,updatedDate
60d0fe4f5311236168a109ca,ms,Sara,Andersen,https://randomuser.me/api/portraits/women/58.jpg,female,sara.andersen@example.com,1996-04-30T19:26:49.610Z,92694011,"{'street': '9614, SÃ¸ndermarksvej', 'city': 'Kongsvinger', 'state': 'Nordjylland', 'country': 'Denmark', 'timezone': '-9:00'}",2021-06-21T21:02:07.374Z,2021-06-21T21:02:07.374Z
60d0fe4f5311236168a109cb,miss,Edita,Vestering,https://randomuser.me/api/portraits/med/women/89.jpg,female,edita.vestering@example.com,1956-04-15T00:10:35.555Z,(019)-646-0430,"{'street': '1371, Dilledonk-Zuid', 'city': 'Den Bommel', 'state': 'Gelderland', 'country': 'Netherlands', 'timezone': '-5:00'}",2021-06-21T21:02:07.533Z,2021-06-21T21:02:07.533Z
60d0fe4f5311236168a109cc,ms,Adina,Barbosa,https://randomuser.me/api/portraits/med/women/28.jpg,female,edina.barbosa@example.com,1952-09-03T13:27:29.424Z,(64) 5796-9260,"{'street': '8750, Rua Carlos Gomes', 'city': 'Recife', 'state': 'CearÃ¡', 'country': 'Brazil', 'timezone': '+1:00'}",2021-06-21T21:02:07.719Z,2021-06-21T21:02:07.719Z
60d0fe4f5311236168a109cd,mr,Roberto,Vega,https://randomuser.me/api/portraits/med/men/25.jpg,male,roberto.vega@example.com,1945-11-17T06:31:57.367Z,949-368-211,"{'street': '7675, Calle Mota', 'city': 'LogroÃ±o', 'state': 'Islas Baleares', 'country': 'Spain', 'timezone': '+6:00'}",2021-06-21T21:02:07.872Z,2021-06-21T21:02:07.872Z
60d0fe4f5311236168a109ce,mr,Rudi,Droste,https://randomuser.me/api/portraits/med/men/83.jpg,male,rudi.droste@example.com,1972-08-07T22:16:47.420Z,0421-7342787,"{'street': '1196, MÃ¼hlenweg', 'city': 'GrÃ¼nhain-Beierfeld', 'state': 'Sachsen-Anhalt', 'country': 'Germany', 'timezone': '+3:30'}",2021-06-21T21:02:08.029Z,2021-06-21T21:02:08.029Z
60d0fe4f5311236168a109cf,mrs,Carolina,Lima,https://randomuser.me/api/portraits/med/women/5.jpg,female,carolina.lima@example.com,1994-03-04T03:04:53.673Z,(79) 9932-2522,"{'street': '4162, Rua da Paz ', 'city': 'Boa Vista', 'state': 'Rio Grande do Norte', 'country': 'Brazil', 'timezone': '-4:00'}",2021-06-21T21:02:08.193Z,2021-06-21T21:02:08.193Z
60d0fe4f5311236168a109d0,mr,Emre,Asikoglu,https://randomuser.me/api/portraits/med/men/23.jpg,male,emre.asikoglu@example.com,1964-12-08T16:34:53.710Z,(886)-854-5524,"{'street': '3682, Fatih Sultan Mehmet Cd', 'city': 'KÃ¼tahya', 'state': 'Manisa', 'country': 'Turkey', 'timezone': '-9:00'}",2021-06-21T21:02:08.346Z,2021-06-21T21:02:08.346Z
60d0fe4f5311236168a109d1,mr,Kent,Brewer,https://randomuser.me/api/portraits/med/men/52.jpg,male,kent.brewer@example.com,1955-07-19T00:57:14.606Z,021-351-5186,"{'street': '4015, Station Road', 'city': 'Buncrana', 'state': 'Roscommon', 'country': 'Ireland', 'timezone': '+6:00'}",2021-06-21T21:02:08.506Z,2021-06-21T21:02:08.506Z
60d0fe4f5311236168a109d2,mr,Evan,Carlson,https://randomuser.me/api/portraits/med/men/80.jpg,male,evan.carlson@example.com,1964-09-26T20:40:33.623Z,0118501 366 9206,"{'street': '2944, Kings Road', 'city': 'Southampton', 'state': 'Devon', 'country': 'United Kingdom', 'timezone': '+3:00'}",2021-06-21T21:02:08.707Z,2021-06-21T21:02:08.707Z
60d0fe4f5311236168a109d3,mr,Friedrich-Karl,Brand,https://randomuser.me/api/portraits/med/men/7.jpg,male,friedrich-karl.brand@example.com,1984-11-07T01:44:23.697Z,0982-2127379,"{'street': '7297, Erlenweg', 'city': 'Naumburg', 'state': 'Sachsen', 'country': 'Germany', 'timezone': '-2:00'}",2021-06-21T21:02:08.861Z,2021-06-21T21:02:08.861Z
60d0fe4f5311236168a109d4,mr,Valentin,Ortega,https://randomuser.me/api/portraits/med/men/3.jpg,male,valentin.ortega@example.com,1953-10-15T02:26:17.794Z,993-465-335,"{'street': '2580, Calle de Ferraz', 'city': 'Albacete', 'state': 'Islas Baleares', 'country': 'Spain', 'timezone': '-3:30'}",2021-06-21T21:02:09.050Z,2021-06-21T21:02:09.050Z
60d0fe4f5311236168a109d5,mrs,Sibylle,Leibold,https://randomuser.me/api/portraits/med/women/89.jpg,female,sibylle.leibold@example.com,1980-12-21T09:19:00.529Z,0221-3659630,"{'street': '138, RosenstraÃŸe', 'city': 'Heimbach', 'state': 'Sachsen', 'country': 'Germany', 'timezone': '-6:00'}",2021-06-21T21:02:09.202Z,2021-06-21T21:02:09.202Z
60d0fe4f5311236168a109d6,mrs,Elisa,Lorenzo,https://randomuser.me/api/portraits/med/women/89.jpg,female,elisa.lorenzo@example.com,1964-04-12T15:53:58.608Z,991-948-802,"{'street': '9038, Avenida de Burgos', 'city': 'Granada', 'state': 'Cantabria', 'country': 'Spain', 'timezone': '-4:00'}",2021-06-21T21:02:09.357Z,2021-06-21T21:02:09.357Z
60d0fe4f5311236168a109d7,mr,Leevi,Savela,https://randomuser.me/api/portraits/med/men/67.jpg,male,leevi.savela@example.com,1980-12-19T12:11:14.893Z,02-200-101,"{'street': '4013, HÃ¤meentie', 'city': 'Malax', 'state': 'Southern Ostrobothnia', 'country': 'Finland', 'timezone': '+1:00'}",2021-06-21T21:02:09.541Z,2021-06-21T21:02:09.541Z
60d0fe4f5311236168a109d8,mrs,Karoline,Sviggum,https://randomuser.me/api/portraits/med/women/61.jpg,female,karoline.sviggum@example.com,1970-01-04T08:27:48.279Z,73332504,"{'street': '4192, Finnhaugveien', 'city': 'SÃ¦tre', 'state': 'Finnmark - FinnmÃ¡rku', 'country': 'Norway', 'timezone': '0:00'}",2021-06-21T21:02:09.697Z,2021-06-21T21:02:09.697Z
60d0fe4f5311236168a109d9,ms,Nuria,Leon,https://randomuser.me/api/portraits/med/women/93.jpg,female,nuria.leon@example.com,1972-07-12T20:39:35.212Z,944-895-312,"{'street': '230, Calle de Ã\x81ngel GarcÃ\xada', 'city': 'Sevilla', 'state': 'Comunidad Valenciana', 'country': 'Spain', 'timezone': '+7:00'}",2021-06-21T21:02:09.870Z,2021-06-21T21:02:09.870Z
60d0fe4f5311236168a109da,mr,Lance,Foster,https://randomuser.me/api/portraits/med/men/13.jpg,male,lance.foster@example.com,1971-08-29T22:05:26.775Z,0101 451 3221,"{'street': '2334, Church Street', 'city': 'Chichester', 'state': 'Cornwall', 'country': 'United Kingdom', 'timezone': '-3:00'}",2021-06-21T21:02:10.075Z,2021-06-21T21:02:10.075Z
60d0fe4f5311236168a109db,miss,Naomi,Rodrigues,https://randomuser.me/api/portraits/med/women/39.jpg,female,naomi.rodrigues@example.com,1973-06-13T23:33:31.385Z,(40) 6623-4814,"{'street': '9134, Rua Castro Alves ', 'city': 'Garanhuns', 'state': 'Roraima', 'country': 'Brazil', 'timezone': '+9:00'}",2021-06-21T21:02:10.280Z,2021-06-21T21:02:10.280Z
60d0fe4f5311236168a109dc,mr,Evan,Roux,https://randomuser.me/api/portraits/med/men/59.jpg,male,evan.roux@example.com,1988-06-25T04:31:51.701Z,02-28-80-43-91,"{'street': '892, Grande Rue', 'city': 'BesanÃ§on', 'state': 'Seine-et-Marne', 'country': 'France', 'timezone': '+9:00'}",2021-06-21T21:02:10.491Z,2021-06-21T21:02:10.491Z
60d0fe4f5311236168a109dd,mr,Miguel,Lima,https://randomuser.me/api/portraits/med/men/31.jpg,male,miguel.lima@example.com,1979-07-05T22:21:32.623Z,(33) 1399-0495,"{'street': '9637, Rua Rio de Janeiro ', 'city': 'Cascavel', 'state': 'AmapÃ¡', 'country': 'Brazil', 'timezone': '+4:00'}",2021-06-21T21:02:10.647Z,2021-06-21T21:02:10.647Z
60d0fe4f5311236168a109de,miss,Bessie,Burke,https://randomuser.me/api/portraits/med/women/72.jpg,female,bessie.burke@example.com,1953-07-29T09:05:23.955Z,01-4715-0408,"{'street': '6507, Groveland Terrace', 'city': 'Sydney', 'state': 'New South Wales', 'country': 'Australia', 'timezone': '-2:00'}",2021-06-21T21:02:10.801Z,2021-06-21T21:02:10.801Z
60d0fe4f5311236168a109df,mrs,Anaelle,Dumas,https://randomuser.me/api/portraits/med/women/25.jpg,female,anaelle.dumas@example.com,1982-05-31T19:23:30.931Z,01-01-80-11-67,"{'street': '3970, Boulevard de la DuchÃ¨re', 'city': 'Pau', 'state': 'Moselle', 'country': 'France', 'timezone': '-9:00'}",2021-06-21T21:02:10.953Z,2021-06-21T21:02:10.953Z
60d0fe4f5311236168a109e0,miss,Milly,Norman,https://randomuser.me/api/portraits/med/women/31.jpg,female,milly.norman@example.com,1975-08-25T06:11:36.092Z,60372975,"{'street': '280, Nordsetergrenda', 'city': 'PrestegÃ¥rdshagen', 'state': 'Sogn og Fjordane', 'country': 'Norway', 'timezone': '-3:00'}",2021-06-21T21:02:11.106Z,2021-06-21T21:02:11.106Z
60d0fe4f5311236168a109e1,mr,James,Black,https://randomuser.me/api/portraits/med/men/29.jpg,male,james.black@example.com,1965-08-18T22:58:36.318Z,09-9856-3784,"{'street': '5147, Thornridge Cir', 'city': 'Bowral', 'state': 'Tasmania', 'country': 'Australia', 'timezone': '+1:00'}",2021-06-21T21:02:11.263Z,2021-06-21T21:02:11.263Z
60d0fe4f5311236168a109e2,mr,Heinz-Georg,Fiedler,https://randomuser.me/api/portraits/med/men/81.jpg,male,heinz-georg.fiedler@example.com,1974-03-12T21:15:08.878Z,0700-3090279,"{'street': '4118, SchulstraÃŸe', 'city': 'Fellbach', 'state': 'Rheinland-Pfalz', 'country': 'Germany', 'timezone': '-7:00'}",2021-06-21T21:02:11.417Z,2021-06-21T21:02:11.417Z
60d0fe4f5311236168a109e3,mr,Vetle,Aasland,https://randomuser.me/api/portraits/med/men/97.jpg,male,vetle.aasland@example.com,1949-09-09T06:22:16.422Z,81142945,"{'street': '906, Risstubben', 'city': 'Kaland', 'state': 'Vest-Agder', 'country': 'Norway', 'timezone': '0:00'}",2021-06-21T21:02:11.609Z,2021-06-21T21:02:11.609Z
60d0fe4f5311236168a109e4,mr,Pwry,Shylyrd,https://randomuser.me/api/portraits/med/men/37.jpg,male,pwry.shylyrd@example.com,1952-09-02T23:52:42.504Z,053-79829918,"{'street': '324, Ù…ÛŒØ¯Ø§Ù† Ø´Ù‡ÛŒØ¯Ø§Ù† Ø±Ø\xadÛŒÙ…ÛŒ', 'city': 'Ù¾Ø§Ú©Ø¯Ø´Øª', 'state': 'Ø¢Ø°Ø±Ø¨Ø§ÛŒØ¬Ø§Ù† Ø´Ø±Ù‚ÛŒ', 'country': 'Iran', 'timezone': '+1:00'}",2021-06-21T21:02:11.770Z,2021-06-21T21:02:11.770Z
60d0fe4f5311236168a109e5,mr,Adrian,Rodriguez,https://randomuser.me/api/portraits/med/men/45.jpg,male,adrian.rodriguez@example.com,1955-10-22T02:54:44.217Z,08-3049-4902,"{'street': '8062, Photinia Ave', 'city': 'Maitland', 'state': 'Victoria', 'country': 'Australia', 'timezone': '-9:00'}",2021-06-21T21:02:11.926Z,2021-06-21T21:02:11.926Z
60d0fe4f5311236168a109e6,miss,Milla,Pollari,https://randomuser.me/api/portraits/med/women/89.jpg,female,milla.pollari@example.com,1993-03-07T15:42:40.183Z,09-276-350,"{'street': '3914, Hermiankatu', 'city': 'Kannonkoski', 'state': 'Pirkanmaa', 'country': 'Finland', 'timezone': '+11:00'}",2021-06-21T21:02:12.110Z,2021-06-21T21:02:12.110Z
60d0fe4f5311236168a109e7,mr,Joey,Oliver,https://randomuser.me/api/portraits/med/men/61.jpg,male,joey.oliver@example.com,1990-02-18T09:52:06.627Z,015242 92081,"{'street': '965, St. Johnâ€™S Road', 'city': 'Liverpool', 'state': 'Fife', 'country': 'United Kingdom', 'timezone': '-11:00'}",2021-06-21T21:02:12.327Z,2021-06-21T21:02:12.327Z
60d0fe4f5311236168a109e8,mrs,Cecilie,Mortensen,https://randomuser.me/api/portraits/med/women/56.jpg,female,cecilie.mortensen@example.com,1981-03-25T21:08:23.861Z,86479089,"{'street': '2563, TranebÃ¦rvej', 'city': 'Sundby', 'state': 'Syddanmark', 'country': 'Denmark', 'timezone': '-8:00'}",2021-06-21T21:02:12.531Z,2021-06-21T21:02:12.531Z
60d0fe4f5311236168a109e9,mr,Alfredo,Omahony,https://randomuser.me/api/portraits/med/men/76.jpg,male,alfredo.omahony@example.com,1986-08-30T10:34:23.714Z,071-658-1372,"{'street': '3318, Dame Street', 'city': 'Portlaoise', 'state': 'Louth', 'country': 'Ireland', 'timezone': '-11:00'}",2021-06-21T21:02:12.737Z,2021-06-21T21:02:12.737Z
60d0fe4f5311236168a109ea,mrs,Mhrs,Hsyny,https://randomuser.me/api/portraits/med/women/77.jpg,female,mhrs.hsyny@example.com,1959-11-05T08:33:26.306Z,022-88890337,"{'street': '9007, Ø®Ø§ÙˆØ±Ø§Ù†', 'city': 'Ø¨Ø±ÙˆØ¬Ø±Ø¯', 'state': 'Ø¢Ø°Ø±Ø¨Ø§ÛŒØ¬Ø§Ù† Ø´Ø±Ù‚ÛŒ', 'country': 'Iran', 'timezone': '-3:30'}",2021-06-21T21:02:12.941Z,2021-06-21T21:02:12.941Z
60d0fe4f5311236168a109eb,ms,Nella,Koivisto,https://randomuser.me/api/portraits/med/women/77.jpg,female,nella.koivisto@example.com,1993-06-22T23:43:36.117Z,08-493-479,"{'street': '6774, Satakennankatu', 'city': 'Kuusamo', 'state': 'Northern Ostrobothnia', 'country': 'Finland', 'timezone': '-4:00'}",2021-06-21T21:02:13.122Z,2021-06-21T21:02:13.122Z
60d0fe4f5311236168a109ec,mr,Lucas,Larsen,https://randomuser.me/api/portraits/med/men/50.jpg,male,lucas.larsen@example.com,1987-04-04T15:06:47.176Z,54946998,"{'street': '4187, Nattergalevej', 'city': 'St.MerlÃ¸se', 'state': 'Syddanmark', 'country': 'Denmark', 'timezone': '-3:00'}",2021-06-21T21:02:13.276Z,2021-06-21T21:02:13.276Z
60d0fe4f5311236168a109ed,miss,Kayla,Bredesen,https://randomuser.me/api/portraits/med/women/13.jpg,female,kayla.bredesen@example.com,1958-08-20T08:43:07.057Z,80844280,"{'street': '5225, Hansemyrveien', 'city': 'Vingrom', 'state': 'Finnmark - FinnmÃ¡rku', 'country': 'Norway', 'timezone': '+11:00'}",2021-06-21T21:02:13.446Z,2021-06-21T21:02:13.446Z
60d0fe4f5311236168a109ee,mrs,Beatriz,Gutierrez,https://randomuser.me/api/portraits/med/women/31.jpg,female,beatriz.gutierrez@example.com,1949-02-02T04:02:25.980Z,946-485-827,"{'street': '7241, Calle de Arturo Soria', 'city': 'TorrejÃ³n de Ardoz', 'state': 'Comunidad de Madrid', 'country': 'Spain', 'timezone': '-3:00'}",2021-06-21T21:02:13.638Z,2021-06-21T21:02:13.638Z
60d0fe4f5311236168a109ef,miss,Melanie,Pilz,https://randomuser.me/api/portraits/med/women/32.jpg,female,melanie.pilz@example.com,1951-01-26T06:05:28.427Z,0704-9599710,"{'street': '3115, Am Bahnhof', 'city': 'AngermÃ¼nde', 'state': 'Bremen', 'country': 'Germany', 'timezone': '-10:00'}",2021-06-21T21:02:13.790Z,2021-06-21T21:02:13.790Z
60d0fe4f5311236168a109f0,mr,Wouter-Jan,Wijnker,https://randomuser.me/api/portraits/med/men/67.jpg,male,wouter-jan.wijnker@example.com,1953-11-04T12:17:50.383Z,(825)-445-7283,"{'street': '7503, Broenenbergweg', 'city': 'Graft', 'state': 'Limburg', 'country': 'Netherlands', 'timezone': '+11:00'}",2021-06-21T21:02:13.964Z,2021-06-21T21:02:13.964Z
60d0fe4f5311236168a109f2,mr,Albert,Diez,https://randomuser.me/api/portraits/med/men/73.jpg,male,albert.diez@example.com,1962-12-01T18:15:19.055Z,940-877-554,"{'street': '1866, Calle del Pez', 'city': 'Pozuelo de AlarcÃ³n', 'state': 'Melilla', 'country': 'Spain', 'timezone': '+4:00'}",2021-06-21T21:02:14.289Z,2021-06-21T21:02:14.289Z
60d0fe4f5311236168a109f3,mr,Donald,Hopkins,https://randomuser.me/api/portraits/med/men/73.jpg,male,donald.hopkins@example.com,1976-10-02T17:55:48.463Z,01587 81675,"{'street': '1134, The Drive', 'city': 'Exeter', 'state': 'Gloucestershire', 'country': 'United Kingdom', 'timezone': '-8:00'}",2021-06-21T21:02:14.440Z,2021-06-21T21:02:14.440Z
60d0fe4f5311236168a109f4,mr,Benjamin,Holland,https://randomuser.me/api/portraits/med/men/58.jpg,male,benjamin.holland@example.com,1957-12-06T20:16:54.313Z,(185)-414-9013,"{'street': '9785, Bruce St', 'city': 'Rancho Cucamonga', 'state': 'New Jersey', 'country': 'United States', 'timezone': '+3:00'}",2021-06-21T21:02:14.594Z,2021-06-21T21:02:14.594Z
60d0fe4f5311236168a109f5,ms,Charlotte,Legrand,https://randomuser.me/api/portraits/med/women/77.jpg,female,charlotte.legrand@example.com,1965-04-16T01:07:53.814Z,04-76-29-33-42,"{'street': '9613, Rue Dumenge', 'city': 'OrlÃ©ans', 'state': 'Loire', 'country': 'France', 'timezone': '-11:00'}",2021-06-21T21:02:14.787Z,2021-06-21T21:02:14.787Z
60d0fe4f5311236168a109f6,miss,Madison,Ambrose,https://randomuser.me/api/portraits/med/women/15.jpg,female,madison.ambrose@example.com,1947-04-14T14:44:52.955Z,756-040-5467,"{'street': '4122, Stanley Way', 'city': 'Cornwall', 'state': 'British Columbia', 'country': 'Canada', 'timezone': '+6:00'}",2021-06-21T21:02:14.988Z,2021-06-21T21:02:14.988Z
60d0fe4f5311236168a109f7,mrs,Jolanda,Lacroix,https://randomuser.me/api/portraits/med/women/32.jpg,female,jolanda.lacroix@example.com,1979-11-25T21:56:06.020Z,077 774 36 67,"{'street': '2881, Rue des Ecrivains', 'city': 'Valsot', 'state': 'Basel-Landschaft', 'country': 'Switzerland', 'timezone': '-10:00'}",2021-06-21T21:02:15.194Z,2021-06-21T21:02:15.194Z
60d0fe4f5311236168a109f8,ms,Signe,Madsen,https://randomuser.me/api/portraits/med/women/84.jpg,female,signe.madsen@example.com,1976-12-29T06:23:56.452Z,08830603,"{'street': '658, Ã…kandevej', 'city': 'Roslev', 'state': 'Hovedstaden', 'country': 'Denmark', 'timezone': '-12:00'}",2021-06-21T21:02:15.399Z,2021-06-21T21:02:15.399Z
60d0fe4f5311236168a109f9,mr,Marius,Larsen,https://randomuser.me/api/portraits/med/men/54.jpg,male,marius.larsen@example.com,1978-02-13T03:05:10.004Z,47372721,"{'street': '4476, FasanvÃ¦nget', 'city': 'Hammel', 'state': 'Midtjylland', 'country': 'Denmark', 'timezone': '0:00'}",2021-06-21T21:02:15.551Z,2021-06-21T21:02:15.551Z
60d0fe4f5311236168a109fa,ms,Ann,Mason,https://randomuser.me/api/portraits/med/women/18.jpg,female,ann.mason@example.com,1959-09-26T07:05:56.725Z,(385)-245-2517,"{'street': '2698, Paddock Way', 'city': 'Orange', 'state': 'Wyoming', 'country': 'United States', 'timezone': '+3:00'}",2021-06-21T21:02:15.705Z,2021-06-21T21:02:15.705Z
60d0fe4f5311236168a109fb,mr,Sohan,Pierre,https://randomuser.me/api/portraits/med/men/77.jpg,male,sohan.pierre@example.com,1957-08-06T17:06:45.433Z,01-48-91-17-38,"{'street': '8234, Avenue de la LibÃ©ration', 'city': 'NÃ®mes', 'state': 'Essonne', 'country': 'France', 'timezone': '+9:30'}",2021-06-21T21:02:15.860Z,2021-06-21T21:02:15.860Z
60d0fe4f5311236168a109fc,mr,Gonzaga,Ribeiro,https://randomuser.me/api/portraits/med/men/10.jpg,male,gonzaga.ribeiro@example.com,1958-01-25T13:47:27.907Z,(74) 9172-2230,"{'street': '7705, Rua Mato Grosso ', 'city': 'Juazeiro', 'state': 'Mato Grosso', 'country': 'Brazil', 'timezone': '-6:00'}",2021-06-21T21:02:16.014Z,2021-06-21T21:02:16.014Z
